<rss version="2.0">
<channel>
<title>News for Tata Steel Limited - Google Finance</title>
<description>News for Tata Steel Limited - Google Finance</description>
<link>
http://www.google.com/finance?q=NSE:TATASTEEL&amp;client=news-rss&amp;ei=oiVyWMmOHZWuugTdnrSQCQ
</link>
<image>
<title>News for Tata Steel Limited - Google Finance</title>
<url>/finance/s/M4XFgDr56u4/images/logo_us.gif</url>
<link>
http://www.google.com/finance?q=NSE:TATASTEEL&amp;client=news-rss&amp;ei=oiVyWMmOHZWuugTdnrSQCQ
</link>
</image>
<item>
<title>
India Action: Tata Steel Limited (TATASTEEL) Moves Up 0.17% on Jan 7
</title>
<link>
http://heraldks.com/2017/01/07/india-action-tata-steel-limited-tatasteel-moves-up-0-17-on-jan-7/
</link>
<guid isPermaLink="false">tag:finance.google.com,cluster:52779336566894</guid>
<pubDate>Sat, 07 Jan 2017 06:11:43 GMT</pubDate>
<description>
<div style="padding:0px; margin-bottom:1.5em;"> <a href="http://heraldks.com/2017/01/07/india-action-tata-steel-limited-tatasteel-moves-up-0-17-on-jan-7/" style="font-size:1.2em">India Action: Tata Steel Limited (TATASTEEL) Moves Up 0.17% on Jan 7</a> <br> <span style="color:#888888;">Herald KS</span> - <span style="white-space:nowrap">Jan 7, 2017 </span> <div style="width:80%;">Shares of Tata Steel Limited (NSE:TATASTEEL) last traded at 420INR, representing a move of 0.17%, or 0.7INR per share, on volume of 4.14 million shares.</div> </div>
</description>
</item>
<item>
<title>
Tata Steel&#39;s Europe Joint Venture Seen Delayed by Mistry Ouster
</title>
<link>
http://www.bloomberg.com/news/articles/2016-10-25/tata-steel-s-europe-joint-venture-seen-delayed-by-mistry-ouster
</link>
<guid isPermaLink="false">tag:finance.google.com,cluster:52779251631406</guid>
<pubDate>Tue, 25 Oct 2016 08:19:19 GMT</pubDate>
<description>
<div style="padding:0px; margin-bottom:1.5em;"> <a href="http://www.bloomberg.com/news/articles/2016-10-25/tata-steel-s-europe-joint-venture-seen-delayed-by-mistry-ouster" style="font-size:1.2em">Tata Steel&#39;s Europe Joint Venture Seen Delayed by Mistry Ouster</a> <br> <span style="color:#888888;">Bloomberg</span> - <span style="white-space:nowrap">Oct 25, 2016 </span> <div style="width:80%;">Tata Steel Ltd.&#39;s efforts to combine its European steel operations with Thyssenkrupp AG may be delayed after parent Tata Sons Ltd.</div> <a href="https://www.theguardian.com/business/2016/oct/24/tata-group-chairman-cyrus-mistry-replaced-ratan-tata-jaguar-land-rover-tata-steel">Cyrus Mistry&#39;s departure heightens uncertainty over Tata Steel UK&#39;s fate</a> - <span style="color:#888888">The Guardian</span><br> <a href="http://www.livemint.com/Companies/kAbZcmNBHKxBByXFhv3IRP/Cyrus-Mistry-vs-Ratan-Tata-Contrasting-styles-in-investment.html">Cyrus Mistry vs Ratan Tata: Contrasting styles in investment</a> - <span style="color:#888888">Livemint</span><br> </div>
</description>
</item>
<item>
<title>
M&amp;As this week: Tata Steel Limited, IAMGOLD, Bora Bora Resources
</title>
<link>
http://www.mining-technology.com/news/newsmas-this-week-tata-steel-limited-iamgold-bora-bora-resources-5709844
</link>
<guid isPermaLink="false">
tag:finance.google.com,cluster:http://www.mining-technology.com/news/newsmas-this-week-tata-steel-limited-iamgold-bora-bora-resources-5709844
</guid>
<pubDate>Thu, 05 Jan 2017 17:55:49 GMT</pubDate>
<description>
<div style="padding:0px; margin-bottom:1.5em;"> <a href="http://www.mining-technology.com/news/newsmas-this-week-tata-steel-limited-iamgold-bora-bora-resources-5709844" style="font-size:1.2em">M&amp;As this week: Tata Steel Limited, IAMGOLD, Bora Bora Resources</a> <br> <span style="color:#888888;">Mining Technology</span> - <span style="white-space:nowrap">Jan 5, 2017 </span> <div style="width:80%;">India-based Tata Steel Limited has signed a definitive agreement to acquire a 100% equity stake in Brahmani River Pellets Ltd from Aryan Mining &amp; Trading Corporation Pvt Ltd and other companies in the Moorgate Industries Group.</div> </div>
</description>
</item>
<item>
<title>Tata Steel in talks for possible European jv</title>
<link>
http://www.marketwatch.com/story/tata-steel-in-talks-for-possible-european-jv-2016-07-11
</link>
<guid isPermaLink="false">tag:finance.google.com,cluster:52779154307055</guid>
<pubDate>Mon, 11 Jul 2016 07:46:08 GMT</pubDate>
<description>
<div style="padding:0px; margin-bottom:1.5em;"> <a href="http://www.marketwatch.com/story/tata-steel-in-talks-for-possible-european-jv-2016-07-11" style="font-size:1.2em">Tata Steel in talks for possible European jv</a> <br> <span style="color:#888888;">MarketWatch</span> - <span style="white-space:nowrap">Jul 11, 2016 </span> <div style="width:80%;">LONDON -- India&#39;s Tata Steel Ltd. is in talks with steel-industry players, such as Germany&#39;s Thyssenkrupp AG, about a possible joint venture as it goes back to the drawing board for how to deal with its flagging European business after last month&#39;s ...</div> <a href="http://www.livemint.com/Companies/f3YUGfkRewRmtxkIxYZFiM/Tata-Steel-looks-for-Europe-JV-analysts-see-talks-with-Thys.html">Tata Steel shares rise on Europe joint venture bid</a> - <span style="color:#888888">Livemint</span><br> <a href="http://www.wsj.com/articles/germanys-thyssenkrupp-confirms-talks-with-tata-steel-over-possible-merger-1468255023">Germany&#39;s ThyssenKrupp Confirms Talks With Tata Steel Over Possible Merger</a> - <span style="color:#888888">Wall Street Journal</span><br> </div>
</description>
</item>
<item>
<title>
Tata Steel to acquire Brahmani River Pellets for Rs900 crore
</title>
<link>
http://www.livemint.com/Companies/If5svU2CjqOen91cQie1MM/Tata-Steel-to-buy-100-equity-of-Brahmani-River-Pellets.html
</link>
<guid isPermaLink="false">tag:finance.google.com,cluster:52779316924113</guid>
<pubDate>Fri, 23 Dec 2016 08:46:19 GMT</pubDate>
<description>
<div style="padding:0px; margin-bottom:1.5em;"> <a href="http://www.livemint.com/Companies/If5svU2CjqOen91cQie1MM/Tata-Steel-to-buy-100-equity-of-Brahmani-River-Pellets.html" style="font-size:1.2em">Tata Steel to acquire Brahmani River Pellets for Rs900 crore</a> <br> <span style="color:#888888;">Livemint</span> - <span style="white-space:nowrap">Dec 23, 2016 </span> <div style="width:80%;">New Delhi: Tata Steel Ltd on Friday said it agreed to buy Brahmani River Pellets Ltd (BRPL) from Moorgate Industries Group for about Rs900 crore, which would give it access to a 4 million tonne (mt) pellet production factory and a 4.7 mt iron ore ...</div> <a href="http://indianexpress.com/article/business/companies/tata-steel-to-acquire-pellet-maker-brpl-for-rs-900-crore-4442282/">Tata Steel to acquire pellet maker BRPL for Rs 900 crore</a> - <span style="color:#888888">The Indian Express</span><br> <a href="http://www.business-standard.com/article/companies/tata-steel-to-acquire-brpl-s-pellet-plant-in-odisha-116122300681_1.html">Tata Steel to acquire BRPL&#39;s pellet plant in Odisha</a> - <span style="color:#888888">Business Standard</span><br> </div>
</description>
</item>
<item>
<title>Tata Steel Limited</title>
<link>
http://www.moneycontrol.com/stocks/stock_market/corp_notices.php?autono=5647021
</link>
<guid isPermaLink="false">tag:finance.google.com,cluster:52779311403879</guid>
<pubDate>Mon, 19 Dec 2016 02:41:01 GMT</pubDate>
<description>
<div style="padding:0px; margin-bottom:1.5em;"> <a href="http://www.moneycontrol.com/stocks/stock_market/corp_notices.php?autono=5647021" style="font-size:1.2em">Tata Steel Limited</a> <br> <span style="color:#888888;">Moneycontrol.com</span> - <span style="white-space:nowrap">Dec 19, 2016 </span> <div style="width:80%;">Tata Steel Limited has informed the Exchange vide letter dated December 17, 2016 &quot;This has reference to our disclosure dated December 15, 2016 informing the exchange of the Company being served with a copy of the plaint in Suit No (L) 1119 of 2016 ...</div> </div>
</description>
</item>
<item>
<title>
Has UK found a savior to buy Tata steel operations?
</title>
<link>
http://www.marketwatch.com/story/has-uk-found-a-savior-to-buy-tata-steel-operations-2016-04-04
</link>
<guid isPermaLink="false">tag:finance.google.com,cluster:52779073859256</guid>
<pubDate>Mon, 04 Apr 2016 23:46:20 GMT</pubDate>
<description>
<div style="padding:0px; margin-bottom:1.5em;"> <a href="http://www.marketwatch.com/story/has-uk-found-a-savior-to-buy-tata-steel-operations-2016-04-04" style="font-size:1.2em">Has UK found a savior to buy Tata steel operations?</a> <br> <span style="color:#888888;">MarketWatch</span> - <span style="white-space:nowrap">Apr 4, 2016 </span> <div style="width:80%;">LONDON - The U.K. government is in talks with metals firm Liberty House to take over much of Tata Steel Ltd.&#39;s British operations and stave off factory closures that could spell the death of the steel industry here.</div> <a href="http://www.bloomberg.com/news/articles/2016-04-04/potential-tata-steel-buyer-sees-u-k-talks-advancing-this-week">Potential Tata Steel Buyer Sees U.K. Talks Advancing This Week</a> - <span style="color:#888888">Bloomberg</span><br> <a href="http://www.ft.com/fastft/2016/04/01/fitch-cuts-tata-steels-credit-rating-further-into-junk-territory/">CompaniesFitch cuts Tata Steel&#39;s credit rating further into junk territory</a> - <span style="color:#888888">Financial Times</span><br> </div>
</description>
</item>
<item>
<title>
Tata Steel in Venture Talks With Thyssenkrupp on Europe Business
</title>
<link>
https://www.bloomberg.com/news/articles/2016-07-08/tata-steel-in-venture-talks-with-thyssenkrupp-on-europe-business
</link>
<guid isPermaLink="false">tag:finance.google.com,cluster:52779151033010</guid>
<pubDate>Fri, 08 Jul 2016 19:35:34 GMT</pubDate>
<description>
<div style="padding:0px; margin-bottom:1.5em;"> <a href="https://www.bloomberg.com/news/articles/2016-07-08/tata-steel-in-venture-talks-with-thyssenkrupp-on-europe-business" style="font-size:1.2em">Tata Steel in Venture Talks With Thyssenkrupp on Europe Business</a> <br> <span style="color:#888888;">Bloomberg</span> - <span style="white-space:nowrap">Jul 8, 2016 </span> <div style="width:80%;">Tata Steel Ltd. has entered into talks with companies including Germany&#39;s Thyssenkrupp AG on a possible joint venture in Europe, after reviewing bids on the U.K.</div> <a href="http://www.thehindubusinessline.com/companies/tata-steel-in-talks-with-thyssenkrupp-ag-for-jv-in-europe/article8824925.ece">Tata Steel in talks with Thyssenkrupp AG for JV in Europe</a> - <span style="color:#888888">Hindu Business Line</span><br> <a href="http://www.livemint.com/Companies/78p5RW8lTbUWn1lLlZoSkO/Tata-Steel-exploring-alternatives-to-UK-asset-sale.html">Tata Steel seeks alternatives to UK asset sale</a> - <span style="color:#888888">Livemint</span><br> </div>
</description>
</item>
<item>
<title>
Burned by Corus, Tata Steel Seeks Solace in India Prospects
</title>
<link>
http://www.bloomberg.com/news/articles/2016-03-31/burned-by-corus-tata-steel-seeks-solace-in-prospects-back-home
</link>
<guid isPermaLink="false">tag:finance.google.com,cluster:52779069710914</guid>
<pubDate>Thu, 31 Mar 2016 09:11:15 GMT</pubDate>
<description>
<div style="padding:0px; margin-bottom:1.5em;"> <a href="http://www.bloomberg.com/news/articles/2016-03-31/burned-by-corus-tata-steel-seeks-solace-in-prospects-back-home" style="font-size:1.2em">Burned by Corus, Tata Steel Seeks Solace in India Prospects</a> <br> <span style="color:#888888;">Bloomberg</span> - <span style="white-space:nowrap">Mar 31, 2016 </span> <div style="width:80%;">Tata Steel Ltd., which is considering selling its U.K. unit amid a global glut and weak demand, is turning its focus back to India where it sees a long-term opportunity.</div> <a href="http://economictimes.indiatimes.com/markets/stocks/news/what-has-revived-investors-interest-in-tata-steel/articleshow/51624536.cms">What has revived investors&#39; interest in Tata Steel?</a> - <span style="color:#888888">Economic Times</span><br> <a href="http://www.thehindu.com/news/international/Tata-Steel-puts-U.K.-operations-on-the-market/article14226563.ece">Tata Steel puts UK operations on the market</a> - <span style="color:#888888">The Hindu</span><br> </div>
</description>
</item>
<item>
<title>
Tata Steel in Talks With Liberty to Sell U.K. Speciality Assets
</title>
<link>
https://www.bloomberg.com/news/articles/2016-11-28/tata-steel-in-talks-with-liberty-to-sell-u-k-speciality-assets
</link>
<guid isPermaLink="false">tag:finance.google.com,cluster:52779284550001</guid>
<pubDate>Mon, 28 Nov 2016 13:07:30 GMT</pubDate>
<description>
<div style="padding:0px; margin-bottom:1.5em;"> <a href="https://www.bloomberg.com/news/articles/2016-11-28/tata-steel-in-talks-with-liberty-to-sell-u-k-speciality-assets" style="font-size:1.2em">Tata Steel in Talks With Liberty to Sell U.K. Speciality Assets</a> <br> <span style="color:#888888;">Bloomberg</span> - <span style="white-space:nowrap">Nov 28, 2016 </span> <div style="width:80%;">Tata Steel Ltd. started exclusive talks with Liberty House Group over the sale of its U.K. speciality steels business for 100 million pounds ($124 million).</div> <a href="http://www.livemint.com/Money/yeYsPfA7X2YRXSCZXloyTM/Tata-Steels-UK-revamp-still-on-track.html">Tata Steel&#39;s UK revamp still on track</a> - <span style="color:#888888">Livemint</span><br> <a href="http://asia.nikkei.com/Business/AC/Tata-Steel-prepares-to-sell-UK-specialty-steel-business-to-Liberty-House">Tata Steel prepares to sell UK specialty steel business to Liberty House</a> - <span style="color:#888888">Nikkei Asian Review</span><br> </div>
</description>
</item>
</channel>
</rss>